<BackupInst xmlns="http://www.microsoft.com/GroupPolicy/GPOOperations/Manifest"><GPOGuid><![CDATA[{70EA2D4F-5F2C-4764-AA1D-3DD4A1C4DED5}]]></GPOGuid><GPODomain><![CDATA[svuent.supervalu.com]]></GPODomain><GPODomainGuid><![CDATA[{de497550-0c95-409f-9dc5-a69e6783bf5a}]]></GPODomainGuid><GPODomainController><![CDATA[sdepdcs065.svuent.supervalu.com]]></GPODomainController><BackupTime><![CDATA[2022-12-12T19:26:01]]></BackupTime><ID><![CDATA[{81F680AD-D733-4A18-AC1C-11EFA9F4BD5A}]]></ID><Comment><![CDATA[EnableAdvancedAudits]]></Comment><GPODisplayName><![CDATA[Enable Advanced Audits]]></GPODisplayName></BackupInst>
